Breed,Country,Continent,sub_area,Caseina
ABR,ETHIOPIA,Africa,C.Africa,
ALP_CH,SWITZERLAND,Europe,Europe,
ALP_FR,FRANCE,Europe,Europe,
ALP_IT,ITALY,Europe,Europe,
AND,MADAGASCAR,Africa,S.Africa,
ANG_FR,FRANCE,Asia,Europe,Forte
ANG_ZA,SOUTHAFRICA,Asia,S.Africa,Forte
ANK,TURKEY,Asia,Asia,
ARG,ITALY,Europe,Europe,
ARR,IRELAND,Europe,Europe,
ASP,ITALY,Europe,Europe,
BAB,PAKISTAN,Asia,Asia,Forte
BEY,SPAIN,Europe,Europe,
BIO,ITALY,Europe,Europe,Debole
BLB,IRELAND,Europe,Europe,
BOE_TZ,TANZANIA,Africa,C.Africa,Forte
BOE_UG,UGANDA,Africa,C.Africa,Forte
BOE_ZW,ZIMBABWE,Africa,S.Africa,Forte
BRI,PAKISTAN,Asia,Asia,
BRK,EGYPT,Africa,NE.Africa,
BUR,BURUNDI,Africa,C.Africa,
BUT,PAKISTAN,Asia,Asia,
CAM,CAMEROON,Africa,NW.Africa,
CAS,AUSTRALIA,Asia,Australia,
CCG,ITALY,Europe,Europe,
CHA,PAKISTAN,Asia,Asia,
CRO,UGANDA,Africa,C.Africa,
CRP,ROMANIA,Europe,Europe,
CRS,FRANCE,Europe,Europe,
DDP,PAKISTAN,Asia,Asia,
DIA,MADAGASCAR,Africa,NW.Africa,
DIT,ITALY,Europe,Europe,
DJA,BURKINA FASO,Africa,NW.Africa,Forte
FSS,FRANCE,Europe,Europe,
GAL,KENYA,Africa,C.Africa,
GAR,ITALY,Europe,Europe,Forte
GAZ,MOZAMBIQUE,Africa,S.Africa,
GGT,ITALY,Europe,Europe,
GOG,TANZANIA,Africa,C.Africa,
GUE,MALI,Africa,NW.Africa,
GUM,ETHIOPIA,Africa,C.Africa,
ICL,ICELAND,Europe,Iceland,
IRA,IRAN,Asia,Asia,
JAT,PAKISTAN,Asia,Asia,
JON,ITALY,Europe,Europe,
KAC,PAKISTAN,Asia,Asia,
KAM,PAKISTAN,Asia,Asia,
KAR,UGANDA,Africa,C.Africa,
KEF,ETHIOPIA,Africa,C.Africa,
KES,PAKISTAN,Asia,Asia,
KIL,TURKEY,Asia,Asia,
KLS,TURKEY,Asia,Asia,
LND,MOZAMBIQUE,Africa,S.Africa,
LNR_DK1,DENMARK,Europe,Europe,
LNR_DK2,DENMARK,Europe,Europe,
LNR_FI,FINLAND,Europe,Europe,
LNR_NL,NETHERLANDS,Europe,Europe,
LOH,PAKISTAN,Asia,Asia,
LOP,PAKISTAN,Asia,Asia,
MAA,TANZANIA,Africa,C.Africa,
MAL,SPAIN,Europe,Europe,
MAN,MOZAMBIQUE,Africa,S.Africa,
MEN,MADAGASCAR,Africa,S.Africa,
MLG,SPAIN,Europe,Europe,Medio
MLS,ITALY,Europe,Europe,
MLT,ITALY,Europe,Europe,
MLY_TZ,TANZANIA,Africa,C.Africa,
MOR,MOROCCO,Africa,NW.Africa,
MSH_1,ZIMBABWE,Africa,S.Africa,
MSH_2,ZIMBABWE,Africa,S.Africa,
MTB,ZIMBABWE,Africa,S.Africa,
MUG,SPAIN,Europe,Europe,
NAI,MALI,Africa,NW.Africa,
NBN_EG1,EGYPT,Africa,NE.Africa,
NBN_EG2,EGYPT,Africa,NE.Africa,
NIC,ITALY,Europe,Europe,
NOR,MOROCCO,Africa,NE.Africa,
NSJ,MALAWI,Africa,S.Africa,
OIG,IRELAND,Europe,Europe,
ORO,ITALY,Europe,Europe,Debole
OSS,EGYPT,Africa,NE.Africa,
PAF,MOZAMBIQUE,Africa,S.Africa,
PAH,PAKISTAN,Asia,Asia,
PAL,SPAIN,Europe,NE.Africa,Forte
PAT,PAKISTAN,Asia,Asia,
PRW,TANZANIA,Africa,C.Africa,
PTV,FRANCE,Europe,Europe,
PVC,FRANCE,Europe,Europe,
PYR,FRANCE,Europe,Europe,
RAS,SPAIN,Europe,Europe,
RME,ITALY,Europe,Europe,
RSK,NIGERIA,Africa,NW.Africa,Forte
SAA_CH,SWITZERLAND,Europe,Europe,Medio
SAA_FR,FRANCE,Europe,Europe,Medio
SAA_IT,ITALY,Europe,Europe,Medio
SAR,ITALY,Europe,Europe,
SDN,MALI,Africa,NW.Africa,
SEA_KE,KENYA,Africa,C.Africa,
SEA_MZ,MOZAMBIQUE,Africa,S.Africa,
SEA_UG,UGANDA,Africa,C.Africa,
SEB,UGANDA,Africa,C.Africa,
SHL,NIGERIA,Africa,NW.Africa,Forte
SID,EGYPT,Africa,NE.Africa,
SNJ,TANZANIA,Africa,C.Africa,
SOF,MADAGASCAR,Africa,S.Africa,
SOU,MADAGASCAR,Africa,S.Africa,
TAP,PAKISTAN,Asia,Asia,
TED,PAKISTAN,Asia,Asia,
THA,PAKISTAN,Asia,Asia,
THY,MALAWI,Africa,S.Africa,
TUN,TUNISIA,Africa,NW.Africa,Forte
VAL,ITALY,Europe,Europe,
VSS,ITALY,Europe,Europe,
WAD_CM1,CAMEROON,Africa,NW.Africa,Forte
WAD_CM2,CAMEROON,Africa,NW.Africa,Forte
WAD_NG,NIGERIA,Africa,NW.Africa,Forte
WYG,ETHIOPIA,Africa,C.Africa,
gMA,MOROCCO,Africa,NW.Africa,
gML,BURKINA FASO,Africa,NW.Africa,
gMW,MALAWI,Africa,S.Africa,
gUG,UGANDA,Africa,C.Africa,
